{"cameraMode":{"drawMode":0,"name":"Shaded","section":"Shading Mode"},"sceneLighting":false,"audioPlay":false,"sceneViewState":{"showFog":true,"showMaterialUpdate":false,"showSkybox":true,"showFlares":true,"showImageEffects":true,"showParticleSystems":true,"showVisualEffectGraphs":true,"m_FxEnabled":true},"in2DMode":false,"pivot":{"x":0.026773959398269655,"y":1.6289726495742798,"z":-2.039639711380005},"rotation":{"x":-0.21755842864513398,"y":-0.0008820623042993248,"z":0.00019639187667053193,"w":-0.9760570526123047},"size":3.0807695388793947,"orthographic":false}