{"cameraMode":{"drawMode":0,"name":"Shaded","section":"Shading Mode"},"sceneLighting":false,"audioPlay":false,"sceneViewState":{"showFog":true,"showMaterialUpdate":false,"showSkybox":false,"showFlares":true,"showImageEffects":true,"showParticleSystems":true,"showVisualEffectGraphs":true,"m_FxEnabled":true},"in2DMode":false,"pivot":{"x":0.10314681380987168,"y":2.9618449211120607,"z":-1.8561077117919922},"rotation":{"x":-0.23363472521305085,"y":0.0005825599073432386,"z":-0.00013490210403688252,"w":-0.9723412394523621},"size":3.0807695388793947,"orthographic":false}