{"cameraMode":{"drawMode":0,"name":"Shaded","section":"Shading Mode"},"sceneLighting":false,"audioPlay":false,"sceneViewState":{"showFog":true,"showMaterialUpdate":false,"showSkybox":false,"showFlares":true,"showImageEffects":true,"showParticleSystems":true,"showVisualEffectGraphs":true,"m_FxEnabled":true},"in2DMode":false,"pivot":{"x":-0.08928494155406952,"y":1.9165635108947755,"z":-1.0860648155212403},"rotation":{"x":-0.24673928320407868,"y":-0.0023263534530997278,"z":0.0005979678244329989,"w":-0.9690978527069092},"size":3.0807695388793947,"orthographic":false}