{"cameraMode":{"drawMode":0,"name":"Shaded","section":"Shading Mode"},"sceneLighting":false,"audioPlay":false,"sceneViewState":{"showFog":true,"showMaterialUpdate":false,"showSkybox":false,"showFlares":true,"showImageEffects":true,"showParticleSystems":true,"showVisualEffectGraphs":true,"m_FxEnabled":true},"in2DMode":false,"pivot":{"x":-0.6647952198982239,"y":-1.0671210289001465,"z":0.8176863193511963},"rotation":{"x":0.3609727919101715,"y":-0.006710835732519627,"z":0.002585227135568857,"w":0.9325785636901856},"size":3.0807695388793947,"orthographic":false}